EOM_Dt,ILMDHYLD,FEDL01,USOSFRA,USOSFRC,FHLK3M,BVCSUB3M,FHLK3MSPRD,BVCSUB3MSPRD,UNRATE,SOFR1M,SOFR3M,SOFR6M,SOFR1Y,SOFR2Y,SOFR3Y,SOFR5Y,SOFR10Y,3M_1M_SPRD,6M_3M_SPRD,1Y_3M_SPRD,2Y_3M_SPRD,3Y_3M_SPRD,5Y_3M_SPRD,10Y_3M_SPRD
12/31/2013,0.449090909,0.086190476,0.127940909,0.130795238,0.36047619,0.640295238,0.229680952,0.5095,0.067, 0.13 , 0.13 , 0.14 , 0.15 , 0.25 , 0.55 , 1.37 , 2.63 , 0.00 , 0.00 , 0.02 , 0.12 , 0.42 , 1.24 , 2.50 
1/31/2014,0.454347826,0.071428571,0.123165217,0.127915217,0.335714286,0.659542857,0.207799068,0.53162764,0.066, 0.12 , 0.13 , 0.13 , 0.16 , 0.32 , 0.66 , 1.46 , 2.63 , 0.00 , 0.00 , 0.03 , 0.19 , 0.53 , 1.33 , 2.50 
2/28/2014,0.4575,0.067368421,0.1165,0.1177975,0.344210526,0.581210526,0.226413026,0.463413026,0.067, 0.12 , 0.12 , 0.12 , 0.13 , 0.27 , 0.58 , 1.34 , 2.48 , 0.00 , 0.00 , 0.01 , 0.15 , 0.47 , 1.22 , 2.36 
3/31/2014,0.455714286,0.079047619,0.121671429,0.123664286,0.338571429,0.60727619,0.214907143,0.483611905,0.067, 0.12 , 0.12 , 0.13 , 0.15 , 0.35 , 0.72 , 1.46 , 2.51 , 0.00 , 0.00 , 0.03 , 0.23 , 0.60 , 1.34 , 2.38 
4/30/2014,0.445454545,0.090454545,0.126304545,0.126771429,0.327272727,0.59402381,0.200501299,0.467252381,0.062, 0.13 , 0.13 , 0.13 , 0.15 , 0.39 , 0.80 , 1.56 , 2.51 , 0.00 , 0.00 , 0.03 , 0.26 , 0.68 , 1.43 , 2.38 
5/31/2014,0.462727273,0.087142857,0.13057619,0.133640476,0.325714286,0.604647619,0.19207381,0.471007143,0.063, 0.13 , 0.13 , 0.14 , 0.16 , 0.39 , 0.77 , 1.46 , 2.38 , 0.00 , 0.00 , 0.03 , 0.25 , 0.63 , 1.32 , 2.24 
6/30/2014,0.475238095,0.095714286,0.137933333,0.140771429,0.343333333,0.655252381,0.202561905,0.514480952,0.061, 0.14 , 0.14 , 0.15 , 0.18 , 0.46 , 0.86 , 1.55 , 2.44 , 0.00 , 0.01 , 0.04 , 0.32 , 0.72 , 1.41 , 2.30 
7/31/2014,0.510869565,0.091363636,0.135804545,0.138181818,0.351818182,0.657063636,0.213636364,0.518881818,0.062, 0.14 , 0.14 , 0.14 , 0.20 , 0.53 , 0.94 , 1.59 , 2.39 , 0.00 , 0.01 , 0.06 , 0.39 , 0.80 , 1.45 , 2.25 
8/31/2014,0.513809524,0.089047619,0.132433333,0.133783333,0.346190476,0.592057143,0.212407143,0.45827381,0.061, 0.13 , 0.13 , 0.14 , 0.20 , 0.54 , 0.94 , 1.55 , 2.28 , 0.00 , 0.01 , 0.07 , 0.40 , 0.81 , 1.42 , 2.15 
9/30/2014,0.495454545,0.088571429,0.130647619,0.131235714,0.320952381,0.573990476,0.189716667,0.442754762,0.059, 0.13 , 0.13 , 0.14 , 0.23 , 0.63 , 1.06 , 1.69 , 2.37 , 0.00 , 0.01 , 0.10 , 0.50 , 0.93 , 1.56 , 2.24 
10/31/2014,0.49,0.088636364,0.128671429,0.128091304,0.318636364,0.584736364,0.190545059,0.456645059,0.057, 0.13 , 0.13 , 0.13 , 0.19 , 0.52 , 0.90 , 1.47 , 2.14 , (0.00), 0.00 , 0.06 , 0.39 , 0.78 , 1.34 , 2.01 
11/30/2014,0.492,0.095,0.1435,0.144925,0.349444444,0.631494444,0.204519444,0.486569444,0.058, 0.14 , 0.14 , 0.15 , 0.23 , 0.58 , 0.97 , 1.53 , 2.17 , 0.00 , 0.01 , 0.09 , 0.44 , 0.82 , 1.38 , 2.03 
12/31/2014,0.500434783,0.121363636,0.155009091,0.158411364,0.376363636,0.732063636,0.217952273,0.573652273,0.056, 0.16 , 0.16 , 0.17 , 0.30 , 0.69 , 1.06 , 1.54 , 2.05 , 0.00 , 0.02 , 0.14 , 0.53 , 0.90 , 1.38 , 1.89 
1/31/2015,0.485,0.1165,0.16307619,0.16402619,0.361,0.75787,0.19697381,0.59384381,0.057, 0.16 , 0.16 , 0.18 , 0.29 , 0.62 , 0.91 , 1.29 , 1.72 , 0.00 , 0.02 , 0.13 , 0.46 , 0.75 , 1.13 , 1.55 
2/28/2015,0.465,0.113684211,0.164836842,0.168375,0.34,0.806436842,0.171625,0.638061842,0.055, 0.16 , 0.17 , 0.20 , 0.35 , 0.70 , 1.01 , 1.40 , 1.82 , 0.00 , 0.04 , 0.18 , 0.54 , 0.84 , 1.23 , 1.65 
3/31/2015,0.452272727,0.113636364,0.165418182,0.169268182,0.346818182,0.819795455,0.17755,0.650527273,0.054, 0.17 , 0.17 , 0.21 , 0.37 , 0.73 , 1.04 , 1.44 , 1.88 , 0.00 , 0.04 , 0.20 , 0.56 , 0.87 , 1.27 , 1.71 
4/30/2015,0.466818182,0.124545455,0.165731579,0.172815909,0.350454545,0.7936,0.177638636,0.620784091,0.054, 0.17 , 0.17 , 0.20 , 0.32 , 0.61 , 0.88 , 1.27 , 1.74 , 0.01 , 0.03 , 0.15 , 0.44 , 0.71 , 1.10 , 1.57 
5/31/2015,0.471428571,0.1245,0.170025,0.180295238,0.3585,0.835565,0.178204762,0.655269762,0.056, 0.17 , 0.18 , 0.22 , 0.35 , 0.68 , 0.99 , 1.43 , 1.99 , 0.01 , 0.04 , 0.17 , 0.50 , 0.81 , 1.25 , 1.81 
6/30/2015,0.464090909,0.128636364,0.175483333,0.185752273,0.357727273,1.115618182,0.171975,0.929865909,0.053, 0.18 , 0.19 , 0.24 , 0.39 , 0.75 , 1.08 , 1.57 , 2.18 , 0.01 , 0.05 , 0.20 , 0.56 , 0.89 , 1.38 , 1.99 
7/31/2015,0.473913043,0.130434783,0.17505,0.202721739,0.365217391,1.15835,0.162495652,0.955628261,0.052, 0.18 , 0.20 , 0.26 , 0.40 , 0.73 , 1.03 , 1.52 , 2.14 , 0.03 , 0.06 , 0.19 , 0.53 , 0.83 , 1.31 , 1.94 
8/31/2015,0.445714286,0.141904762,0.192552381,0.243509524,0.442380952,1.2395,0.198871429,0.995990476,0.051, 0.19 , 0.24 , 0.30 , 0.43 , 0.73 , 1.00 , 1.42 , 1.96 , 0.05 , 0.06 , 0.19 , 0.49 , 0.76 , 1.17 , 1.72 
9/30/2015,0.48,0.135238095,0.206145455,0.233540909,0.468571429,1.20412381,0.235030519,0.9705829,0.05, 0.21 , 0.23 , 0.29 , 0.40 , 0.65 , 0.89 , 1.29 , 1.90 , 0.03 , 0.05 , 0.16 , 0.42 , 0.66 , 1.06 , 1.66 
10/31/2015,0.491363636,0.124285714,0.178145455,0.210154545,0.422857143,1.167242857,0.212702597,0.957088312,0.05, 0.18 , 0.21 , 0.26 , 0.35 , 0.57 , 0.78 , 1.16 , 1.73 , 0.03 , 0.05 , 0.14 , 0.36 , 0.57 , 0.95 , 1.52 
11/30/2015,0.490952381,0.118947368,0.201266667,0.287628571,0.488421053,1.251105263,0.200792481,0.963476692,0.051, 0.20 , 0.29 , 0.36 , 0.50 , 0.77 , 1.01 , 1.36 , 1.85 , 0.09 , 0.07 , 0.21 , 0.49 , 0.72 , 1.07 , 1.56 
12/31/2015,0.479565217,0.231818182,0.351327273,0.382768182,0.681818182,1.264818182,0.29905,0.88205,0.05, 0.35 , 0.38 , 0.46 , 0.59 , 0.85 , 1.06 , 1.37 , 1.83 , 0.03 , 0.07 , 0.21 , 0.47 , 0.68 , 0.98 , 1.45 
1/31/2016,0.494285714,0.362631579,0.396433333,0.425575,0.656842105,1.306605263,0.231267105,0.881030263,0.048, 0.40 , 0.43 , 0.47 , 0.56 , 0.74 , 0.90 , 1.17 , 1.63 , 0.03 , 0.05 , 0.13 , 0.31 , 0.47 , 0.75 , 1.21 
2/29/2016,0.525714286,0.374,0.417766667,0.427914286,0.6615,1.33866,0.233585714,0.910745714,0.049, 0.42 , 0.43 , 0.44 , 0.47 , 0.53 , 0.62 , 0.84 , 1.28 , 0.01 , 0.02 , 0.04 , 0.10 , 0.19 , 0.41 , 0.86 
3/31/2016,0.55,0.361304348,0.414404348,0.43693913,0.650434783,1.447668182,0.213495652,1.010729051,0.05, 0.41 , 0.44 , 0.49 , 0.56 , 0.68 , 0.78 , 0.98 , 1.35 , 0.02 , 0.05 , 0.12 , 0.24 , 0.35 , 0.54 , 0.91 
4/30/2016,0.50952381,0.366666667,0.404861905,0.423319048,0.66,1.285828571,0.236680952,0.862509524,0.051, 0.40 , 0.42 , 0.46 , 0.52 , 0.62 , 0.71 , 0.89 , 1.28 , 0.02 , 0.03 , 0.10 , 0.20 , 0.28 , 0.46 , 0.85 
5/31/2016,0.513636364,0.366190476,0.420145455,0.4581,0.672857143,1.312380952,0.214757143,0.854280952,0.048, 0.42 , 0.46 , 0.50 , 0.57 , 0.69 , 0.77 , 0.94 , 1.28 , 0.04 , 0.04 , 0.12 , 0.23 , 0.32 , 0.48 , 0.83 
6/30/2016,0.549090909,0.376818182,0.416622727,0.431406818,0.669090909,1.277909091,0.237684091,0.846502273,0.049, 0.42 , 0.43 , 0.46 , 0.51 , 0.59 , 0.65 , 0.80 , 1.13 , 0.01 , 0.02 , 0.08 , 0.15 , 0.22 , 0.37 , 0.70 
7/31/2016,0.533333333,0.3955,0.429338095,0.438266667,0.66,1.251135,0.221733333,0.812868333,0.048, 0.43 , 0.44 , 0.46 , 0.49 , 0.54 , 0.59 , 0.69 , 0.97 , 0.01 , 0.02 , 0.05 , 0.10 , 0.15 , 0.25 , 0.53 
8/31/2016,0.490434783,0.395652174,0.445121739,0.467882609,0.66,1.229721739,0.192117391,0.76183913,0.049, 0.45 , 0.47 , 0.50 , 0.55 , 0.61 , 0.66 , 0.76 , 0.99 , 0.02 , 0.03 , 0.08 , 0.15 , 0.19 , 0.29 , 0.52 
9/30/2016,0.472727273,0.394761905,0.453463636,0.47707381,0.65952381,1.268238095,0.18245,0.791164286,0.05, 0.45 , 0.48 , 0.53 , 0.59 , 0.66 , 0.70 , 0.80 , 1.04 , 0.02 , 0.05 , 0.11 , 0.18 , 0.23 , 0.33 , 0.56 
10/31/2016,0.52,0.4025,0.452480952,0.513307143,0.657,1.30428,0.143692857,0.790972857,0.049, 0.45 , 0.51 , 0.57 , 0.64 , 0.72 , 0.79 , 0.91 , 1.19 , 0.06 , 0.06 , 0.13 , 0.21 , 0.27 , 0.40 , 0.68 
11/30/2016,0.541818182,0.405,0.493009091,0.592645455,0.7355,1.336525,0.142854545,0.743879545,0.047, 0.49 , 0.59 , 0.64 , 0.72 , 0.88 , 1.02 , 1.26 , 1.61 , 0.10 , 0.05 , 0.13 , 0.29 , 0.43 , 0.67 , 1.02 
12/31/2016,0.544545455,0.535714286,0.661195238,0.686238095,0.801428571,1.453904762,0.115190476,0.767666667,0.047, 0.66 , 0.69 , 0.73 , 0.86 , 1.11 , 1.32 , 1.61 , 1.97 , 0.03 , 0.04 , 0.17 , 0.42 , 0.63 , 0.92 , 1.28 
1/31/2017,0.582272727,0.655,0.696736364,0.719681818,0.82,1.45326,0.100318182,0.733578182,0.047, 0.70 , 0.72 , 0.78 , 0.91 , 1.15 , 1.34 , 1.59 , 1.89 , 0.02 , 0.06 , 0.19 , 0.43 , 0.62 , 0.87 , 1.17 
2/28/2017,0.5595,0.655263158,0.711725,0.7529375,0.833157895,1.409,0.080220395,0.6560625,0.046, 0.71 , 0.75 , 0.83 , 0.96 , 1.20 , 1.37 , 1.61 , 1.93 , 0.04 , 0.07 , 0.21 , 0.44 , 0.62 , 0.86 , 1.17 
3/31/2017,0.602608696,0.786521739,0.913165217,0.936269565,1.064782609,1.495673913,0.128513043,0.559404348,0.044, 0.91 , 0.94 , 1.00 , 1.14 , 1.37 , 1.55 , 1.78 , 2.05 , 0.02 , 0.07 , 0.20 , 0.44 , 0.61 , 0.84 , 1.11 
4/30/2017,0.704,0.906,0.94085,0.9946175,1.167,1.500210526,0.1723825,0.505593026,0.044, 0.94 , 0.99 , 1.06 , 1.17 , 1.32 , 1.45 , 1.63 , 1.88 , 0.05 , 0.07 , 0.17 , 0.33 , 0.45 , 0.63 , 0.88 
5/31/2017,0.686956522,0.906363636,0.987686957,1.084156522,1.218181818,1.515190909,0.134025296,0.431034387,0.044, 0.99 , 1.08 , 1.14 , 1.23 , 1.37 , 1.48 , 1.66 , 1.91 , 0.10 , 0.06 , 0.15 , 0.29 , 0.40 , 0.57 , 0.82 
6/30/2017,0.669545455,1.041818182,1.171081818,1.186404545,1.336,1.564277273,0.149595455,0.377872727,0.043, 1.17 , 1.19 , 1.22 , 1.28 , 1.39 , 1.47 , 1.60 , 1.83 , 0.02 , 0.03 , 0.09 , 0.20 , 0.28 , 0.41 , 0.64 
7/31/2017,0.682857143,1.1555,1.199228571,1.205033333,1.38,1.557295,0.174966667,0.352261667,0.043, 1.20 , 1.21 , 1.24 , 1.31 , 1.43 , 1.52 , 1.68 , 1.94 , 0.01 , 0.03 , 0.11 , 0.23 , 0.32 , 0.48 , 0.73 
8/31/2017,0.67,1.156086957,1.198178261,1.200767391,1.395238095,1.563347826,0.194470704,0.362580435,0.044, 1.20 , 1.20 , 1.23 , 1.29 , 1.37 , 1.43 , 1.56 , 1.80 , 0.00 , 0.03 , 0.09 , 0.17 , 0.23 , 0.36 , 0.60 
9/30/2017,0.688095238,1.155,1.19372381,1.209583333,1.39,1.584605,0.180416667,0.375021667,0.043, 1.19 , 1.21 , 1.26 , 1.33 , 1.43 , 1.49 , 1.60 , 1.82 , 0.02 , 0.05 , 0.12 , 0.22 , 0.28 , 0.39 , 0.61 
10/31/2017,0.722727273,1.155714286,1.199729545,1.275154545,1.408571429,1.611545,0.133416883,0.336390455,0.042, 1.20 , 1.28 , 1.35 , 1.47 , 1.60 , 1.68 , 1.79 , 1.98 , 0.08 , 0.08 , 0.19 , 0.33 , 0.41 , 0.52 , 0.71 
11/30/2017,0.740454545,1.155714286,1.252438636,1.366068182,1.512857143,1.786385714,0.146788961,0.420317532,0.042, 1.25 , 1.37 , 1.44 , 1.56 , 1.69 , 1.76 , 1.85 , 2.00 , 0.11 , 0.07 , 0.20 , 0.33 , 0.39 , 0.48 , 0.64 
12/31/2017,0.83,1.2985,1.42478,1.444105,1.6265,1.973305,0.182395,0.5292,0.041, 1.42 , 1.44 , 1.53 , 1.67 , 1.82 , 1.88 , 1.95 , 2.04 , 0.02 , 0.09 , 0.22 , 0.37 , 0.44 , 0.50 , 0.60 
1/31/2018,0.819545455,1.416190476,1.4602,1.522345652,1.712777778,2.098142857,0.190432126,0.575797205,0.04, 1.46 , 1.52 , 1.63 , 1.79 , 1.97 , 2.06 , 2.13 , 2.22 , 0.06 , 0.10 , 0.27 , 0.45 , 0.54 , 0.61 , 0.70 
2/28/2018,0.838,1.416315789,1.4775875,1.609175,1.816666667,2.337047368,0.207491667,0.727872368,0.041, 1.48 , 1.61 , 1.72 , 1.88 , 2.10 , 2.21 , 2.32 , 2.45 , 0.13 , 0.11 , 0.27 , 0.49 , 0.60 , 0.71 , 0.84 
3/31/2018,0.900454545,1.505454545,1.664607143,1.716506818,1.9735,2.622547619,0.256993182,0.906040801,0.04, 1.66 , 1.72 , 1.82 , 1.98 , 2.20 , 2.30 , 2.38 , 2.44 , 0.05 , 0.10 , 0.26 , 0.48 , 0.59 , 0.66 , 0.72 
4/30/2018,1.130952381,1.692380952,1.735221429,1.815921429,2.055263158,2.727128571,0.239341729,0.911207143,0.04, 1.74 , 1.82 , 1.91 , 2.07 , 2.29 , 2.38 , 2.43 , 2.46 , 0.08 , 0.09 , 0.26 , 0.47 , 0.56 , 0.62 , 0.64 
5/31/2018,1.077272727,1.7,1.796282609,1.912382609,2.199545455,2.71405,0.287162846,0.801667391,0.038, 1.80 , 1.91 , 2.00 , 2.17 , 2.39 , 2.48 , 2.55 , 2.59 , 0.12 , 0.09 , 0.26 , 0.48 , 0.57 , 0.63 , 0.68 
6/30/2018,1.254285714,1.820952381,1.948009524,1.962557143,2.268571429,2.762771429,0.306014286,0.800214286,0.04, 1.95 , 1.96 , 2.06 , 2.23 , 2.43 , 2.50 , 2.54 , 2.55 , 0.01 , 0.09 , 0.27 , 0.47 , 0.54 , 0.58 , 0.59 
7/31/2018,1.225909091,1.91,1.962,2.017315909,2.287142857,2.796404762,0.269826948,0.779088853,0.038, 1.96 , 2.02 , 2.13 , 2.31 , 2.50 , 2.55 , 2.56 , 2.55 , 0.06 , 0.11 , 0.30 , 0.48 , 0.53 , 0.54 , 0.53 
8/31/2018,1.151304348,1.914782609,1.965382609,2.096613043,2.350434783,2.752069565,0.253821739,0.655456522,0.038, 1.97 , 2.10 , 2.21 , 2.38 , 2.54 , 2.57 , 2.57 , 2.57 , 0.13 , 0.11 , 0.28 , 0.44 , 0.48 , 0.47 , 0.47 
9/30/2018,1.246666667,1.948947368,2.13713,2.195525,2.422631579,2.841426316,0.227106579,0.645901316,0.037, 2.14 , 2.20 , 2.30 , 2.49 , 2.66 , 2.69 , 2.68 , 2.70 , 0.06 , 0.11 , 0.30 , 0.46 , 0.49 , 0.49 , 0.50 
10/31/2018,1.237826087,2.188181818,2.235330435,2.29996087,2.567727273,2.946022727,0.267766403,0.646061858,0.038, 2.24 , 2.30 , 2.40 , 2.58 , 2.75 , 2.79 , 2.80 , 2.83 , 0.06 , 0.10 , 0.28 , 0.45 , 0.49 , 0.50 , 0.53 
11/30/2018,1.444090909,2.199,2.272522727,2.379411364,2.671,3.112605,0.291588636,0.733193636,0.038, 2.27 , 2.38 , 2.47 , 2.62 , 2.73 , 2.75 , 2.74 , 2.80 , 0.11 , 0.09 , 0.24 , 0.35 , 0.37 , 0.36 , 0.42 
12/31/2018,1.54952381,2.267,2.407545,2.43045,2.74,3.153905263,0.30955,0.723455263,0.039, 2.41 , 2.43 , 2.47 , 2.53 , 2.52 , 2.48 , 2.46 , 2.52 , 0.02 , 0.04 , 0.10 , 0.09 , 0.05 , 0.03 , 0.09 
1/31/2019,1.339130435,2.4,2.445547826,2.448756522,2.775714286,3.096452381,0.326957764,0.647695859,0.04, 2.45 , 2.45 , 2.46 , 2.48 , 2.41 , 2.34 , 2.31 , 2.39 , 0.00 , 0.01 , 0.03 , (0.04), (0.11), (0.14), (0.06)
2/28/2019,1.332,2.4,2.4443525,2.445645,2.748947368,2.910047368,0.303302368,0.464402368,0.038, 2.44 , 2.45 , 2.45 , 2.45 , 2.37 , 2.30 , 2.27 , 2.36 , 0.00 , 0.00 , 0.00 , (0.08), (0.14), (0.18), (0.08)
3/31/2019,1.437619048,2.403809524,2.446485714,2.444328571,2.737142857,2.739938095,0.292814286,0.295609524,0.038, 2.45 , 2.44 , 2.43 , 2.40 , 2.28 , 2.20 , 2.16 , 2.27 , (0.00), (0.01), (0.05), (0.17), (0.25), (0.28), (0.17)
4/30/2019,1.278571429,2.423181818,2.455645455,2.447013636,2.727727273,2.697942857,0.280713636,0.250929221,0.037, 2.46 , 2.45 , 2.42 , 2.36 , 2.22 , 2.14 , 2.12 , 2.23 , (0.01), (0.02), (0.09), (0.23), (0.31), (0.33), (0.22)
5/31/2019,1.355714286,2.392727273,2.433184783,2.418830435,2.708181818,2.658636364,0.289351383,0.239805929,0.036, 2.43 , 2.42 , 2.37 , 2.26 , 2.06 , 1.98 , 1.95 , 2.07 , (0.01), (0.05), (0.16), (0.36), (0.44), (0.47), (0.35)
6/30/2019,1.397368421,2.3755,2.417465,2.265475,2.627,2.432625,0.361525,0.16715,0.036, 2.42 , 2.27 , 2.11 , 1.89 , 1.66 , 1.59 , 1.58 , 1.75 , (0.15), (0.16), (0.38), (0.60), (0.68), (0.68), (0.52)
7/31/2019,1.323478261,2.402727273,2.2691,2.147130435,2.569090909,2.413731818,0.421960474,0.266601383,0.037, 2.27 , 2.15 , 2.03 , 1.85 , 1.64 , 1.58 , 1.57 , 1.72 , (0.12), (0.12), (0.30), (0.50), (0.57), (0.58), (0.43)
8/31/2019,1.289090909,2.125,2.146286364,1.970536364,2.353181818,2.25265,0.382645455,0.282113636,0.036, 2.15 , 1.97 , 1.80 , 1.58 , 1.35 , 1.26 , 1.20 , 1.27 , (0.18), (0.17), (0.39), (0.62), (0.71), (0.77), (0.70)
9/30/2019,1.205714286,2.0525,2.012588095,1.894714286,2.2725,2.28981,0.377785714,0.395095714,0.035, 2.01 , 1.89 , 1.76 , 1.58 , 1.39 , 1.31 , 1.26 , 1.32 , (0.12), (0.14), (0.31), (0.50), (0.58), (0.64), (0.58)
10/31/2019,1.180909091,1.83,1.759515217,1.684757826,2.110952381,2.129736364,0.426194555,0.444978538,0.036, 1.76 , 1.68 , 1.57 , 1.46 , 1.33 , 1.29 , 1.27 , 1.38 , (0.07), (0.11), (0.23), (0.35), (0.40), (0.42), (0.31)
11/30/2019,1.087142857,1.552631579,1.61677381,1.608233333,1.87,2.151521053,0.261766667,0.543287719,0.036, 1.62 , 1.61 , 1.56 , 1.49 , 1.40 , 1.37 , 1.37 , 1.49 , (0.01), (0.04), (0.11), (0.21), (0.24), (0.23), (0.12)
12/31/2019,0.960909091,1.550952381,1.619225,1.591581818,1.884761905,2.151961905,0.293180087,0.560380087,0.036, 1.62 , 1.59 , 1.57 , 1.51 , 1.43 , 1.42 , 1.44 , 1.57 , (0.03), (0.02), (0.08), (0.16), (0.17), (0.15), (0.02)
1/31/2020,0.88,1.551904762,1.573121739,1.580308696,1.846666667,2.039138095,0.266357971,0.4588294,0.036, 1.57 , 1.58 , 1.56 , 1.49 , 1.38 , 1.35 , 1.35 , 1.47 , 0.01 , (0.02), (0.09), (0.20), (0.23), (0.23), (0.11)
2/29/2020,0.949473684,1.583684211,1.56728,1.528373684,1.848421053,1.883584211,0.320047368,0.355210526,0.035, 1.57 , 1.53 , 1.46 , 1.34 , 1.20 , 1.15 , 1.14 , 1.24 , (0.04), (0.07), (0.19), (0.33), (0.38), (0.39), (0.29)
3/31/2020,0.811818182,0.625454545,0.346812727,0.292045455,0.887272727,2.407804545,0.595227273,2.115759091,0.044, 0.35 , 0.29 , 0.24 , 0.22 , 0.24 , 0.30 , 0.41 , 0.60 , (0.05), (0.05), (0.07), (0.05), 0.01 , 0.12 , 0.31 
4/30/2020,0.593636364,0.048636364,0.046913636,0.059061364,0.500454545,2.522433333,0.441393182,2.46337197,0.148, 0.05 , 0.06 , 0.06 , 0.06 , 0.08 , 0.12 , 0.22 , 0.45 , 0.01 , 0.00 , 0.01 , 0.02 , 0.06 , 0.17 , 0.39 
5/31/2020,0.633333333,0.05,0.056490476,0.059019048,0.437,1.745285,0.377980952,1.686265952,0.132, 0.06 , 0.06 , 0.05 , 0.04 , 0.02 , 0.03 , 0.12 , 0.38 , 0.00 , (0.00), (0.02), (0.04), (0.03), 0.06 , 0.32 
6/30/2020,0.563636364,0.076818182,0.086559091,0.080161364,0.456818182,1.1537,0.376656818,1.073538636,0.11, 0.09 , 0.08 , 0.08 , 0.06 , 0.03 , 0.04 , 0.14 , 0.44 , (0.01), (0.00), (0.02), (0.05), (0.04), 0.06 , 0.36 
7/31/2020,0.501304348,0.093478261,0.087617391,0.080004348,0.433478261,0.8213,0.353473913,0.741295652,0.102, 0.09 , 0.08 , 0.07 , 0.05 , 0.01 , 0.00 , 0.07 , 0.34 , (0.01), (0.01), (0.03), (0.07), (0.08), (0.01), 0.26 
8/31/2020,0.462857143,0.094761905,0.082342857,0.077128571,0.409047619,0.695519048,0.331919048,0.618390476,0.084, 0.08 , 0.08 , 0.07 , 0.05 , 0.03 , 0.02 , 0.10 , 0.41 , (0.01), (0.00), (0.02), (0.05), (0.05), 0.02 , 0.33 
9/30/2020,0.41,0.09,0.077672727,0.076431818,0.403809524,0.62522381,0.327377706,0.548791991,0.078, 0.08 , 0.08 , 0.07 , 0.06 , 0.03 , 0.04 , 0.12 , 0.46 , (0.00), (0.00), (0.02), (0.04), (0.04), 0.05 , 0.38 
10/31/2020,0.359090909,0.09,0.08002381,0.082015909,0.406190476,0.587557143,0.324174567,0.505541234,0.069, 0.08 , 0.08 , 0.08 , 0.07 , 0.05 , 0.07 , 0.19 , 0.56 , 0.00 , (0.01), (0.01), (0.03), (0.01), 0.10 , 0.48 
11/30/2020,0.336,0.086842105,0.081221429,0.081128571,0.362105263,0.526489474,0.280976692,0.445360902,0.067, 0.08 , 0.08 , 0.08 , 0.07 , 0.07 , 0.09 , 0.23 , 0.63 , (0.00), (0.00), (0.01), (0.01), 0.01 , 0.15 , 0.55 
12/31/2020,0.315652174,0.09,0.071411364,0.065195455,0.337727273,0.449281818,0.272531818,0.384086364,0.067, 0.07 , 0.07 , 0.06 , 0.06 , 0.07 , 0.10 , 0.26 , 0.71 , (0.01), (0.01), (0.01), 0.00 , 0.04 , 0.19 , 0.65 
1/31/2021,0.28952381,0.085263158,0.066465,0.061366667,0.309473684,0.468094737,0.248107018,0.40672807,0.064, 0.07 , 0.06 , 0.06 , 0.06 , 0.07 , 0.12 , 0.33 , 0.86 , (0.01), (0.00), (0.00), 0.01 , 0.06 , 0.26 , 0.80 
2/28/2021,0.2765,0.075789474,0.030928947,0.037555,0.278947368,0.469789474,0.241392368,0.432234474,0.062, 0.03 , 0.04 , 0.04 , 0.05 , 0.07 , 0.16 , 0.45 , 1.08 , 0.01 , 0.00 , 0.01 , 0.03 , 0.12 , 0.41 , 1.05 
3/31/2021,0.274782609,0.069565217,0.022828261,0.029410435,0.263043478,0.561026087,0.233633043,0.531615652,0.061, 0.02 , 0.03 , 0.04 , 0.05 , 0.10 , 0.26 , 0.70 , 1.39 , 0.01 , 0.01 , 0.02 , 0.07 , 0.23 , 0.67 , 1.36 
4/30/2021,0.275909091,0.068636364,0.020145455,0.028351818,0.26,0.562945455,0.231648182,0.534593636,0.061, 0.02 , 0.03 , 0.04 , 0.05 , 0.11 , 0.28 , 0.72 , 1.37 , 0.01 , 0.01 , 0.02 , 0.08 , 0.25 , 0.69 , 1.34 
5/31/2021,0.26952381,0.0595,0.016415,0.0279695,0.252,0.52216,0.2240305,0.4941905,0.058, 0.02 , 0.03 , 0.03 , 0.04 , 0.11 , 0.26 , 0.68 , 1.34 , 0.01 , 0.01 , 0.01 , 0.08 , 0.23 , 0.65 , 1.31 
6/30/2021,0.27,0.077272727,0.034004545,0.037789545,0.251363636,0.519409091,0.213574091,0.481619545,0.059, 0.03 , 0.04 , 0.04 , 0.05 , 0.14 , 0.32 , 0.69 , 1.24 , 0.00 , 0.00 , 0.01 , 0.10 , 0.28 , 0.65 , 1.20 
7/31/2021,0.27,0.098571429,0.047583333,0.048291429,0.26047619,0.503528571,0.212184762,0.455237143,0.054, 0.05 , 0.05 , 0.05 , 0.06 , 0.16 , 0.33 , 0.63 , 1.06 , 0.00 , 0.00 , 0.01 , 0.12 , 0.29 , 0.58 , 1.01 
8/31/2021,0.273636364,0.093181818,0.048836364,0.050301364,0.26,0.486759091,0.209698636,0.436457727,0.051, 0.05 , 0.05 , 0.05 , 0.06 , 0.18 , 0.35 , 0.64 , 1.05 , 0.00 , 0.00 , 0.01 , 0.13 , 0.30 , 0.59 , 1.00 
9/30/2021,0.288181818,0.079047619,0.053961905,0.055240952,0.26,0.42602381,0.204759048,0.370782857,0.047, 0.05 , 0.06 , 0.05 , 0.06 , 0.20 , 0.40 , 0.73 , 1.14 , 0.00 , (0.00), 0.01 , 0.15 , 0.35 , 0.67 , 1.09 
10/31/2021,0.282857143,0.0795,0.049292857,0.051581905,0.2605,0.496685,0.208918095,0.445103095,0.045, 0.05 , 0.05 , 0.06 , 0.12 , 0.37 , 0.62 , 0.95 , 1.34 , 0.00 , 0.01 , 0.06 , 0.32 , 0.57 , 0.90 , 1.29 
11/30/2021,0.284545455,0.0795,0.047040909,0.051190455,0.27,0.58817,0.218809545,0.536979545,0.042, 0.05 , 0.05 , 0.07 , 0.19 , 0.54 , 0.80 , 1.06 , 1.34 , 0.00 , 0.02 , 0.14 , 0.49 , 0.75 , 1.01 , 1.29 
12/31/2021,0.28,0.079565217,0.05369,0.067745652,0.274347826,0.760536364,0.206602174,0.692790711,0.039, 0.05 , 0.07 , 0.14 , 0.32 , 0.68 , 0.91 , 1.08 , 1.28 , 0.01 , 0.08 , 0.25 , 0.61 , 0.84 , 1.01 , 1.21 
1/31/2022,0.284761905,0.08,0.055788095,0.146397619,0.346,0.88633,0.199602381,0.739932381,0.04, 0.06 , 0.15 , 0.30 , 0.56 , 0.96 , 1.19 , 1.38 , 1.56 , 0.09 , 0.16 , 0.41 , 0.81 , 1.04 , 1.23 , 1.42 
2/28/2022,0.294736842,0.08,0.102515789,0.323101053,0.548421053,1.329073684,0.22532,1.005972632,0.038, 0.10 , 0.32 , 0.59 , 0.97 , 1.41 , 1.56 , 1.65 , 1.75 , 0.22 , 0.27 , 0.65 , 1.09 , 1.24 , 1.33 , 1.43 
3/31/2022,0.303913043,0.199565217,0.28646087,0.517408696,0.686086957,2.002504348,0.168678261,1.485095652,0.037, 0.29 , 0.52 , 0.85 , 1.33 , 1.84 , 1.94 , 1.91 , 1.94 , 0.23 , 0.33 , 0.82 , 1.32 , 1.42 , 1.40 , 1.42 
4/30/2022,0.3215,0.33,0.528795238,0.880145238,1.011428571,2.421755,0.131283333,1.541609762,0.037, 0.53 , 0.88 , 1.32 , 1.95 , 2.51 , 2.60 , 2.56 , 2.52 , 0.35 , 0.44 , 1.06 , 1.63 , 1.72 , 1.68 , 1.64 
5/31/2022,0.361363636,0.758571429,0.873798095,1.270057143,1.293809524,2.573342857,0.023752381,1.303285714,0.036, 0.87 , 1.27 , 1.69 , 2.26 , 2.63 , 2.67 , 2.65 , 2.69 , 0.40 , 0.42 , 0.99 , 1.36 , 1.40 , 1.38 , 1.42 
6/30/2022,0.440952381,1.187142857,1.3909,1.804170455,1.856666667,3.123533333,0.052496212,1.319362879,0.036, 1.39 , 1.80 , 2.30 , 2.88 , 3.09 , 3.04 , 2.94 , 2.92 , 0.41 , 0.50 , 1.08 , 1.28 , 1.24 , 1.14 , 1.12 
7/31/2022,0.564761905,1.6545,2.061153333,2.395728571,2.5655,3.54362,0.169771429,1.147891429,0.035, 2.06 , 2.40 , 2.83 , 3.11 , 3.00 , 2.82 , 2.69 , 2.69 , 0.33 , 0.44 , 0.72 , 0.60 , 0.43 , 0.29 , 0.29 
8/31/2022,0.796956522,2.33,2.346704348,2.764143478,2.910869565,3.648013043,0.146726087,0.883869565,0.036, 2.35 , 2.76 , 3.13 , 3.39 , 3.27 , 3.06 , 2.79 , 2.68 , 0.42 , 0.37 , 0.63 , 0.51 , 0.29 , 0.03 , (0.09)
9/30/2022,0.940909091,2.58,2.912672381,3.355964762,3.543809524,4.257704762,0.187844762,0.90174,0.035, 2.91 , 3.36 , 3.76 , 4.06 , 3.96 , 3.74 , 3.49 , 3.29 , 0.44 , 0.41 , 0.70 , 0.60 , 0.39 , 0.14 , (0.07)
10/31/2022,1.099047619,3.08,3.445669048,3.909475238,4.1205,5.161265,0.211024762,1.251789762,0.036, 3.45 , 3.91 , 4.31 , 4.58 , 4.44 , 4.20 , 3.93 , 3.70 , 0.46 , 0.40 , 0.67 , 0.53 , 0.29 , 0.02 , (0.21)
11/30/2022,1.39,3.755,3.912316818,4.281714545,4.49,5.41467,0.208285455,1.132955455,0.036, 3.91 , 4.28 , 4.61 , 4.85 , 4.54 , 4.18 , 3.81 , 3.58 , 0.37 , 0.32 , 0.57 , 0.25 , (0.11), (0.47), (0.70)
12/31/2022,1.667727273,4.091904762,4.289742857,4.507579524,4.706190476,5.473895238,0.198610952,0.966315714,0.035, 4.29 , 4.51 , 4.72 , 4.83 , 4.33 , 3.90 , 3.52 , 3.30 , 0.22 , 0.22 , 0.32 , (0.17), (0.61), (0.98), (1.21)
1/31/2023,1.85,4.33,4.4786875,4.6420275,4.8795,5.313885,0.2374725,0.6718575,0.035, 4.48 , 4.64 , 4.81 , 4.85 , 4.24 , 3.78 , 3.40 , 3.21 , 0.16 , 0.17 , 0.21 , (0.41), (0.86), (1.24), (1.43)
2/28/2023,1.9705,4.565263158,4.578889474,4.787757895,4.996842105,5.577094737,0.209084211,0.789336842,0.036, 4.58 , 4.79 , 5.01 , 5.14 , 4.61 , 4.16 , 3.74 , 3.46 , 0.21 , 0.22 , 0.35 , (0.18), (0.62), (1.05), (1.33)
3/31/2023,2.063913043,4.653043478,4.7623,4.901918261,5.12,6.235504348,0.218081739,1.333586087,0.035, 4.76 , 4.90 , 4.94 , 4.85 , 4.33 , 3.98 , 3.63 , 3.39 , 0.14 , 0.04 , (0.05), (0.57), (0.92), (1.28), (1.51)
4/30/2023,2.2625,4.83,4.913515,5.006675,5.132,6.33471,0.125325,1.328035,0.034, 4.91 , 5.01 , 5.00 , 4.76 , 4.04 , 3.65 , 3.32 , 3.17 , 0.09 , (0.01), (0.25), (0.97), (1.35), (1.68), (1.84)
5/31/2023,2.455652174,5.045909091,5.084236364,5.140955909,5.345454545,6.312822727,0.204498636,1.171866818,0.036, 5.08 , 5.14 , 5.12 , 4.83 , 4.07 , 3.68 , 3.39 , 3.30 , 0.06 , (0.02), (0.31), (1.07), (1.46), (1.75), (1.84)
6/30/2023,2.48,5.075714286,5.110430952,5.232885714,5.475238095,6.732152381,0.242352381,1.499266667,0.036, 5.11 , 5.23 , 5.30 , 5.21 , 4.56 , 4.13 , 3.73 , 3.48 , 0.12 , 0.07 , (0.02), (0.68), (1.10), (1.51), (1.75)
7/31/2023,2.582,5.117,5.241265238,5.324043333,5.5435,6.982775,0.219456667,1.658731667,0.035, 5.24 , 5.32 , 5.41 , 5.36 , 4.77 , 4.35 , 3.93 , 3.64 , 0.08 , 0.08 , 0.03 , (0.56), (0.97), (1.39), (1.69)
8/31/2023,2.684545455,5.33,5.316533478,5.380056522,5.586956522,6.920695652,0.2069,1.54063913,0.037, 5.32 , 5.38 , 5.44 , 5.37 , 4.81 , 4.44 , 4.09 , 3.89 , 0.06 , 0.06 , (0.01), (0.57), (0.94), (1.29), (1.49)
9/30/2023,2.706666667,5.33,5.323907,5.3946605,5.618,7.010305,0.2233395,1.6156445,0.038, 5.32 , 5.39 , 5.46 , 5.44 , 4.95 , 4.59 , 4.27 , 4.08 , 0.07 , 0.07 , 0.04 , (0.45), (0.80), (1.12), (1.31)
10/31/2023,2.721666667,5.33,5.328511905,5.392745714,5.635238095,7.151509524,0.242492381,1.75876381,0.039, 5.33 , 5.39 , 5.45 , 5.40 , 4.97 , 4.71 , 4.52 , 4.47 , 0.06 , 0.06 , 0.00 , (0.42), (0.68), (0.87), (0.92)
11/30/2023,2.751428571,5.33,5.330336364,5.374990909,5.575714286,6.926280952,0.200723377,1.551290043,0.037, 5.33 , 5.37 , 5.39 , 5.25 , 4.73 , 4.43 , 4.20 , 4.14 , 0.04 , 0.01 , (0.12), (0.65), (0.95), (1.18), (1.24)
12/31/2023,2.76,5.33,5.3564125,5.3625785,5.5475,6.439075,0.1849215,1.0764965,0.038, 5.36 , 5.36 , 5.25 , 4.93 , 4.28 , 3.95 , 3.71 , 3.63 , 0.01 , (0.11), (0.44), (1.09), (1.41), (1.65), (1.73)
1/31/2024,2.726086957,5.33,5.33365619,5.317779524,5.526190476,6.134328571,0.208410952,0.816549048,0.037, 5.33 , 5.32 , 5.16 , 4.80 , 4.17 , 3.89 , 3.70 , 3.67 , (0.02), (0.16), (0.52), (1.15), (1.43), (1.62), (1.65)
2/29/2024,2.814285714,5.33,5.3208075,5.323014,5.5345,6.220925,0.211486,0.897911,0.039, 5.32 , 5.32 , 5.24 , 4.98 , 4.43 , 4.15 , 3.93 , 3.84 , 0.00 , (0.09), (0.34), (0.90), (1.17), (1.39), (1.48)
3/31/2024,2.901428571,5.33,5.3261125,5.320461905,5.52952381,6.194775,0.209061905,0.874313095,0.039, 5.33 , 5.32 , 5.24 , 5.02 , 4.51 , 4.22 , 3.96 , 3.83 , (0.01), (0.08), (0.30), (0.81), (1.10), (1.36), (1.49)
4/30/2024,2.91,5.33,5.318848636,5.31885,5.539545455,6.283054545,0.220695455,0.964204545,0.039, 5.32 , 5.32 , 5.28 , 5.17 , 4.80 , 4.56 , 4.31 , 4.16 , 0.00 , (0.04), (0.15), (0.52), (0.76), (1.01), (1.16)
5/31/2024,2.91,5.33,5.322518182,5.332322727,5.546818182,6.208063636,0.214495455,0.875740909,0.04, 5.32 , 5.33 , 5.30 , 5.17 , 4.78 , 4.52 , 4.26 , 4.11 , 0.01 , (0.03), (0.16), (0.56), (0.81), (1.07), (1.22)
6/30/2024,2.91,5.33,5.3366975,5.340592,5.54,6.141742105,0.199408,0.801150105,0.041, 5.34 , 5.34 , 5.28 , 5.08 , 4.61 , 4.33 , 4.06 , 3.91 , 0.00 , (0.06), (0.26), (0.73), (1.01), (1.28), (1.43)
7/31/2024,2.912173913,5.33,5.337674348,5.284970435,5.526818182,5.9543,0.241847747,0.669329565,0.042, 5.34 , 5.28 , 5.16 , 4.86 , 4.35 , 4.09 , 3.89 , 3.81 , (0.05), (0.13), (0.43), (0.93), (1.19), (1.40), (1.47)
8/31/2024,2.901818182,5.33,5.300729545,5.100962727,5.38,5.611881818,0.279037273,0.510919091,0.042, 5.30 , 5.10 , 4.79 , 4.31 , 3.78 , 3.56 , 3.42 , 3.42 , (0.20), (0.31), (0.79), (1.32), (1.54), (1.68), (1.68)
9/30/2024,2.864285714,5.13,4.98167,4.800008,5.0875,5.262995,0.287492,0.462987,0.041, 4.98 , 4.80 , 4.45 , 3.90 , 3.43 , 3.27 , 3.19 , 3.26 , (0.18), (0.35), (0.90), (1.37), (1.53), (1.61), (1.54)
10/31/2024,2.753043478,4.83,4.768684783,4.625013043,4.817272727,5.333645455,0.192259684,0.708632411,0.041, 4.77 , 4.63 , 4.42 , 4.11 , 3.78 , 3.66 , 3.58 , 3.62 , (0.14), (0.20), (0.51), (0.85), (0.96), (1.04), (1.01)
11/30/2024,2.636190476,4.645789474,4.589908,4.511845238,4.696842105,5.330568421,0.184996867,0.818723183,0.042, 4.59 , 4.51 , 4.42 , 4.27 , 4.06 , 3.97 , 3.88 , 3.86 , (0.08), (0.09), (0.25), (0.45), (0.54), (0.63), (0.65)
12/31/2024,2.555454545,4.484761905,4.40437619,4.364974286,4.572857143,5.214119048,0.207882857,0.849144762,0.041, 4.40 , 4.36 , 4.29 , 4.19 , 4.05 , 3.99 , 3.92 , 3.91 , (0.04), (0.07), (0.17), (0.31), (0.38), (0.44), (0.46)
1/31/2025,2.568,4.33,4.307999091,4.29697,4.488571429,5.175328571,0.191601429,0.878358571,0.04, 4.31 , 4.30 , 4.26 , 4.20 , 4.12 , 4.11 , 4.12 , 4.16 , (0.01), (0.04), (0.10), (0.18), (0.19), (0.18), (0.14)
2/28/2025,2.51,4.33,4.3184375,4.3172295,4.499473684,5.049747368,0.182244184,0.732517868,0.041, 4.32 , 4.32 , 4.28 , 4.20 , 4.06 , 4.02 , 4.00 , 4.04 , (0.00), (0.04), (0.12), (0.26), (0.30), (0.32), (0.28)
3/31/2025,2.495,4.33,4.322760476,4.299025714,4.482380952,5.017885714,0.183355238,0.71886,0.042, 4.32 , 4.30 , 4.20 , 4.03 , 3.81 , 3.75 , 3.75 , 3.84 , (0.02), (0.09), (0.27), (0.49), (0.55), (0.55), (0.45)
